<?xml version="1.0" encoding="UTF-8"?>
<!DOCTYPE mapper
        PUBLIC "-//mybatis.org//DTD Mapper 3.0//EN"
        "http://mybatis.org/dtd/mybatis-3-mapper.dtd">

<mapper namespace="org.tvos.dao.AlbumDao">

    <!-- 对查询结果赋值给JavaBean（映射） -->
    <resultMap type="Album" id="AlbumResult">
        <id column="id" jdbcType="INTEGER" property="albumId"/><!-- 主键属性 -->
        <result column="album_name" jdbcType="VARCHAR" property="albumName"/><!-- 普通属性：字段名-字段类型-对象属性名 -->
        <result column="city_id" jdbcType="INTEGER" property="cityId"/>
        <result column="province_id" jdbcType="INTEGER" property="provinceId"/>
        <result column="visit_amount" jdbcType="INTEGER" property="visitAmount"/>
        <result column="like_amount" jdbcType="INTEGER" property="likeAmount"/>
        <result column="creation_time" jdbcType="INTEGER" property="createTime"/>
        <result column="url" jdbcType="VARCHAR" property="url"/>
        <result column="modification_time" jdbcType="INTEGER" property="modificationTime"/>
    </resultMap>

    <!-- 景点相册 -->
    <select id="getAlbumsFromSpots" parameterType="java.util.Map" resultMap="AlbumResult">
        SELECT
            id,
            album_name,
            city_id,
            province_id,
            visit_amount,
            like_amount,
            creation_time,
            modification_time,
            url
        FROM album
        WHERE province_id = (
            SELECT id
            FROM province
            WHERE province_name = #{provinceName}
        ) AND city_id = (SELECT id
                         FROM city
                         WHERE city_name = #{cityName})

    </select>

    <!-- 大学相册 -->
    <select id="getAlbumsFromCollege" parameterType="String" resultMap="AlbumResult">
        SELECT
            id,
            album_name,
            city_id,
            province_id,
            visit_amount,
            like_amount,
            creation_time,
            modification_time,
            url
        FROM album
        WHERE province_id = (
            SELECT id
            FROM province
            WHERE province_name = #{provinceName}
        ) AND city_id IS NULL
    </select>

    <!-- 推荐相册 TODO 添加推荐算法-->
    <select id="getAlbumsFromRecommend" resultMap="AlbumResult">
        SELECT
            id,
            album_name,
            city_id,
            province_id,
            visit_amount,
            like_amount,
            creation_time,
            modification_time,
            url
        FROM album
    </select>


    <!-- 添加景点相册 -->
    <insert id="addAlbumFromSpots" parameterType="java.util.Map">
        INSERT INTO album (album_name, city_id, province_id, url) VALUES (
            #{albumName},
            (
                SELECT id
                FROM city
                WHERE city_name = #{cityName}
            ),
            (
                SELECT id
                FROM province
                WHERE province_name = #{provinceName}
            )
            , #{url})
        ON DUPLICATE KEY UPDATE
            url = #{url}
    </insert>

    <!-- 添加大学相册 -->
    <insert id="addAlbumFromCollege" parameterType="java.util.Map">
        INSERT INTO album (album_name, province_id, url) VALUES (
            #{albumName},
            (
                SELECT id
                FROM province
                WHERE province_name = #{provinceName}
            ),
            #{url}
        )
    </insert>

    <!-- 修改景点相册 -->
    <update id="updateAlbumFromSpots" parameterType="java.util.Map">
        UPDATE album
        SET album_name  = #{albumName},
            city_id     = (SELECT id
                           FROM city
                           WHERE city_name = #{cityName}),
            province_id = (
                SELECT id
                FROM province
                WHERE province_name = #{provinceName}),
            url         = #{url}
        WHERE
    </update>

    <!-- 修改大学相册 -->
    <update id="updateAlbumFromCollege" parameterType="java.util.Map">
        UPDATE album
        SET album_name  = #{albumName},
            province_id =
            (
                SELECT id
                FROM province
                WHERE province_name = #{provinceName}),
            url         = #{url}
    </update>

    <!-- 删除景点相册 -->
    <delete id="deleteAlbumFromSpots" parameterType="java.util.Map">
        DELETE FROM album
        WHERE album_name = #{albumName} AND
              city_id = (
                  SELECT id
                  FROM city
                  WHERE city_name = #{cityName}) AND
              province_id = (
                  SELECT id
                  FROM province
                  WHERE province_name = #{provinceName}) AND
              url = #{url}
    </delete>
    <!-- 删除大学相册 -->
    <delete id="deleteAlbumFromCollege" parameterType="java.util.Map">
        DELETE FROM album
        WHERE album_name = #{albumName} AND
              province_id = (
                  SELECT id
                  FROM province
                  WHERE province_name = #{provinceName})

            AND url  = #{url}

    </delete>
</mapper>
