<?xml version="1.0" encoding="UTF-8"?>
<!DOCTYPE mapper
        PUBLIC "-//mybatis.org//DTD Mapper 3.0//EN"
        "http://mybatis.org/dtd/mybatis-3-mapper.dtd">

<mapper namespace="org.tvos.dao.LikeDao">

    <!-- 对查询结果赋值给JavaBean（映射） -->
    <!-- TODO 区分景点图片点赞和评论图片点赞 -->
    <!-- 判断是否点赞:是false 否true -->
    <select id="spotsLiked" parameterType="java.util.Map" resultType="Boolean">
        SELECT (count(*) = 0)
        FROM photo_like
        WHERE photo_id = (
            SELECT id
            FROM photo
            WHERE
                album_id = (
                    SELECT id
                    FROM album
                    WHERE
                        city_id = (
                            SELECT id
                            FROM city
                            WHERE
                                city_name = #{cityName}
                        )
                        AND city_id IS NOT NULL
                    LIMIT #{albumId}, 1
                )
            LIMIT #{photoId}, 1
        ) AND user_id = (
            SELECT id
            FROM user
            WHERE username = #{username})

    </select>

    <select id="collegeLiked" parameterType="java.util.Map" resultType="Boolean">
        SELECT (count(*) = 0)
        FROM photo_like
        WHERE photo_id = (
            SELECT id
            FROM photo
            WHERE
                album_id = (
                    SELECT id
                    FROM album
                    WHERE
                        province_id = (
                            SELECT id
                            FROM province
                            WHERE
                                province_name = #{provinceName}
                        )
                        AND city_id IS NULL
                    LIMIT #{albumId}, 1
                )
            LIMIT #{photoId}, 1
        ) AND user_id = (
            SELECT id
            FROM user
            WHERE username = #{username})

    </select>


    <insert id="spotsLikeClick" parameterType="java.util.Map">
        INSERT INTO photo_like (photo_id, user_id) VALUES (
            (
                SELECT id
                FROM photo
                WHERE
                    album_id = (
                        SELECT id
                        FROM album
                        WHERE
                            city_id = (
                                SELECT id
                                FROM city
                                WHERE
                                    city_name = #{cityName}
                            )
                            AND city_id IS NOT NULL
                        LIMIT #{albumId}, 1
                    )
                LIMIT #{photoId}, 1
            ),
            (
                SELECT id
                FROM user
                WHERE username = #{username})
        )
    </insert>

    <insert id="collegeLikeClick" parameterType="java.util.Map">
        INSERT INTO photo_like (photo_id, user_id) VALUES (
            (
                SELECT id
                FROM photo
                WHERE
                    album_id = (
                        SELECT id
                        FROM album
                        WHERE
                            province_id = (
                                SELECT id
                                FROM province
                                WHERE
                                    province_name = #{provinceName}
                            )
                            AND city_id IS NULL
                        LIMIT #{albumId}, 1
                    )
                LIMIT #{photoId}, 1
            ),
            (
                SELECT id
                FROM user
                WHERE username = #{username})
        )
    </insert>

    <delete id="spotsLikeCancel" parameterType="java.util.Map">
        DELETE FROM photo_like
        WHERE photo_id = (
            SELECT id
            FROM photo
            WHERE
                album_id = (
                    SELECT id
                    FROM album
                    WHERE
                        city_id = (
                            SELECT id
                            FROM city
                            WHERE
                                city_name = #{cityName}
                        )
                        AND city_id IS NOT NULL
                    LIMIT #{albumId}, 1
                )
            LIMIT #{photoId}, 1
        ) AND
              user_id =
              (
                  SELECT id
                  FROM user
                  WHERE username = #{username})

    </delete>

    <delete id="collegeLikeCancel" parameterType="java.util.Map">
        DELETE FROM photo_like
        WHERE photo_id = (
            SELECT id
            FROM photo
            WHERE
                album_id = (
                    SELECT id
                    FROM album
                    WHERE
                        province_id = (
                            SELECT id
                            FROM province
                            WHERE
                                province_name = #{provinceName}
                        )
                        AND city_id IS NULL
                    LIMIT #{albumId}, 1
                )
            LIMIT #{photoId}, 1
        ) AND
              user_id =
              (
                  SELECT id
                  FROM user
                  WHERE username = #{username})

    </delete>

</mapper>
