<?xml version="1.0" encoding="UTF-8"?>
<!DOCTYPE mapper
        PUBLIC "-//mybatis.org//DTD Mapper 3.0//EN"
        "http://mybatis.org/dtd/mybatis-3-mapper.dtd">

<mapper namespace="org.tvos.dao.PhotoDao">
    <!-- TODO 创建图片的绝对索引和相对索引的映射关系 -->
    <!-- TODO 创建相册的绝对索引和相对索引的映射关系 -->
    <!-- 对查询结果赋值给JavaBean（映射） -->
    <resultMap type="Photo" id="PhotoResult">
        <id column="id" jdbcType="INTEGER" property="photoId"/><!-- 主键属性 -->
        <result column="photo_name" jdbcType="VARCHAR" property="photoName"/><!-- 普通属性：字段名-字段类型-对象属性名 -->
        <result column="username" jdbcType="VARCHAR" property="username"/>
        <result column="album_name" jdbcType="VARCHAR" property="albumName"/>
        <result column="album_id" jdbcType="INTEGER" property="albumId"/>
        <result column="photo_description" jdbcType="VARCHAR" property="photoDescription"/>
        <result column="user_id" jdbcType="INTEGER" property="userId"/>
        <result column="like_amount" jdbcType="INTEGER" property="likeAmount"/>
        <result column="creation_time" jdbcType="INTEGER" property="createTime"/>
        <result column="url" jdbcType="VARCHAR" property="url"/>
        <result column="modification_time" jdbcType="INTEGER" property="modificationTime"/>
    </resultMap>

    <sql id="CITYID" >
        SELECT id
        FROM city
        WHERE city_name = #{cityName}
    </sql>

    <!-- 景点相片 -->
    <select id="getPhotoFromSpots" parameterType="java.util.Map" resultMap="PhotoResult">
        SELECT
            id,
            username,
            photo_name,
            album_id,
            album_name,
            photo_description,
            user_id,
            like_amount,
            creation_time,
            modification_time,
            url
        FROM photo
        WHERE
            id = (
            SELECT id FROM photo WHERE
                album_id = (
                    SELECT id FROM album WHERE
                    city_id = (
                        SELECT id FROM city WHERE
                        city_name = #{cityName}
                    )
                    AND city_id IS NOT NULL
                    LIMIT #{albumId},1
                )
         LIMIT #{photoId} ,1)
    </select>

    <!-- 大学相片 -->
    <select id="getPhotoFromCollege" parameterType="java.util.Map" resultMap="PhotoResult">
        SELECT
            id,
            username,
            photo_name,
            album_id,
            album_name,
            photo_description,
            user_id,
            like_amount,
            url,
            creation_time,
            modification_time,
            url
        FROM photo
        WHERE
            id = (
                SELECT id FROM photo WHERE
                    album_id = (
                        SELECT id FROM album WHERE
                            province_id = (
                                SELECT id FROM province WHERE
                                    province_name = #{provinceName}
                            )
                            AND city_id IS NULL
                        LIMIT #{albumId},1

                    )
                LIMIT #{photoId} ,1)

    </select>

    <!-- 用户相片 -->
    <select id="getPhotoFromUserWork" parameterType="java.util.Map" resultMap="PhotoResult">
        SELECT
        id,
        username,
        photo_name,
        album_id,
        album_name,
        photo_description,
        user_id,
        like_amount,
        url,
        creation_time,
        modification_time
        FROM photo
        WHERE user_id = (
        SELECT id
        FROM user
        WHERE username = #{username}
        )
    </select>

    <!-- 用户收藏点赞照片 -->
    <select id="getPhotoFromUserFavorite" parameterType="java.util.Map" resultMap="PhotoResult">
        SELECT
        id,
        username,
        user_id,
        photo_name,
        album_id,
        album_name,
        photo_description,
        like_amount,
        creation_time,
        modification_time,
        url
        FROM photo
        WHERE id =
        (
        SELECT photo_id
        FROM
        photo_like
        WHERE
        user_id
        =
        (
        SELECT id
        FROM
        user
        WHERE
        username
        =
        #{username}
        )
        )
    </select>

    <!-- 添加景点照片 -->
    <insert id="addPhotoForSpots" parameterType="java.util.Map">
        INSERT INTO photo (photo_name, photo_description, album_name, album_id, user_id,username, url) VALUES (
            #{photoName}, #{photoDescription}, #{albumName},
            (
                SELECT id
                FROM album
                WHERE album_name = #{albumName}
                      AND province_id = (
                    SELECT id
                    FROM province
                    WHERE province_name = #{provinceName}
                )
                      AND city_id = (
                    SELECT id
                    FROM city
                    WHERE city_name = #{cityName}
                )
            ),
            (
                SELECT id
                FROM user
                WHERE username = #{username}
            ),
            #{username},
            #{url})

    </insert>

    <!-- 添加大学照片 -->
    <insert id="addPhotoForCollege" parameterType="java.util.Map">
        INSERT INTO photo (photo_name, photo_description, album_name, album_id, user_id, username, url) VALUES (
            #{photoName}, #{photoDescription}, #{albumName},
            (
                SELECT id
                FROM album
                WHERE album_name = #{albumName}
                      AND province_id = (
                    SELECT id
                    FROM province
                    WHERE province_name = #{provinceName}
                )
            ),
            (
                SELECT id
                FROM user
                WHERE username = #{username}
            ),
            #{username},
             #{url})
    </insert>

    <!-- 删除景点照片 -->
    <delete id="deletePhotoForSpots" parameterType="java.util.Map">
        DELETE FROM photo
        WHERE
        photo_name = #{photoName} AND
        album_name = #{albumName} AND
        album_id = (
        SELECT id
        FROM album
        WHERE album_name = #{albumName}
        AND province_id = (
        SELECT id
        FROM province
        WHERE province_name = #{provinceName}
        )
        AND city_id = (
        SELECT id
        FROM city
        WHERE city_name = #{cityName}
        )
        ) AND
        user_id = (
        SELECT id
        FROM USER
        WHERE username = #{username}
        )
        <if test="url != null and url != ''">
            AND url = #{url}
        </if>
    </delete>

    <!-- 删除大学照片 -->
    <delete id="deletePhotoForCollege" parameterType="java.util.Map">
        DELETE FROM photo
        WHERE
        photo_name = #{photoName} AND
        album_name = #{albumName} AND
        album_id = (
        SELECT id
        FROM album
        WHERE album_name = #{albumName}
        AND province_id = (
        SELECT id
        FROM province
        WHERE province_name = #{provinceName}
        )

        ) AND
        user_id = (
        SELECT id
        FROM USER
        WHERE username = #{username}
        )
        <if test="url != null and url != ''">
            AND url = #{url}
        </if>

    </delete>
</mapper>
