<?xml version="1.0" encoding="UTF-8"?>
<!DOCTYPE mapper
        PUBLIC "-//mybatis.org//DTD Mapper 3.0//EN"
        "http://mybatis.org/dtd/mybatis-3-mapper.dtd">

<mapper namespace="org.tvos.dao.ProvinceDao">

    <!-- 对查询结果赋值给JavaBean（映射） -->
    <resultMap type="Province" id="ProvinceResult">
        <id column="id" jdbcType="INTEGER" property="id"/><!-- 主键属性 -->
        <result column="province_name" jdbcType="VARCHAR" property="provinceName"/><!-- 普通属性：字段名-字段类型-对象属性名 -->
        <result column="spot_num" jdbcType="INTEGER" property="spotNum"/>
        <result column="college_num" jdbcType="INTEGER" property="collegeNum"/>
        <result column="creation_time" jdbcType="INTEGER" property="createTime"/>
        <result column="modification_time" jdbcType="INTEGER" property="modificationTime"/>
    </resultMap>

    <!-- 景点相册省份 -->
    <select id="getProvinceListForSpots" resultMap="ProvinceResult">
        SELECT
            province_name,
            spot_num,
            college_num,
            creation_time,
            modification_time
        FROM province
    </select>

    <!-- 返回景点相册数 -->
    <select id="getSpotsNum" parameterType="String" resultType="int">
        SELECT spot_num
        FROM province
        WHERE province_name = #{provinceName}
    </select>

    <!-- 高校相册省份 -->
    <select id="getProvinceListForCollege" resultMap="ProvinceResult">
        SELECT
            province_name,
            spot_num,
            college_num,
            creation_time,
            modification_time
        FROM province
    </select>

    <!-- 返回高校相册数 -->
    <select id="getCollegeNum" parameterType="String" resultType="int">
        SELECT college_num
        FROM province
        WHERE province_name = #{provinceName}
    </select>

    <!-- 景点相册数加1 -->
    <update id="addSpotsNum" parameterType="java.util.Map">
        UPDATE province
        SET spot_num = spot_num + 1
        WHERE province_name = #{provinceName}
    </update>

    <!-- 景点相册数减1 -->
    <update id="subSpotsNum" parameterType="java.util.Map">
        UPDATE province
        SET spot_num = spot_num - 1
        WHERE spot_num > 0
              AND province_name = #{provinceName}
    </update>

    <!-- 高校相册数加1 -->
    <update id="addCollegeNum" parameterType="java.util.Map">
        UPDATE province
        SET college_num = college_num + 1
        WHERE province_name = #{provinceName}
    </update>

    <!-- 高校相册数减1 -->
    <update id="subCollegeNum" parameterType="java.util.Map">
        UPDATE province
        SET college_num = college_num - 1
        WHERE college_num > 0
              AND province_name = #{provinceName}
    </update>

</mapper>
