<?xml version="1.0" encoding="UTF-8"?>
<beans xmlns="http://www.springframework.org/schema/beans"
       xmlns:xsi="http://www.w3.org/2001/XMLSchema-instance"
       xmlns:context="http://www.springframework.org/schema/context"
       xmlns:tx="http://www.springframework.org/schema/tx"
       xmlns:mvc="http://www.springframework.org/schema/mvc"
       xsi:schemaLocation="http://www.springframework.org/schema/beans
        http://www.springframework.org/schema/beans/spring-beans.xsd
        http://www.springframework.org/schema/context
        http://www.springframework.org/schema/context/spring-context.xsd
        http://www.springframework.org/schema/tx
        http://www.springframework.org/schema/tx/spring-tx.xsd
        http://www.springframework.org/schema/mvc
        http://www.springframework.org/schema/mvc/spring-mvc.xsd">
    <!-- 配置SringMVC -->
    <!-- 1.开启SpringMVC注解配置 -->
    <!-- 简化配置：
        (1)自动注册DefaultAnnotationHandlerMapping，AnnotationMethodHandlerAdapter
        (2)提供一系列功能：数据绑定，数字和日期的format @NumberFormat，@DataTimeFormat，xml，json默认读写的支持
    -->
    <mvc:annotation-driven />

    <!-- 2.servlet-mapping 映射路径："/"-->
    <!-- 静态资源默认servlet配置
        1.加入对静态资源的处理：js，gif，png
        2.允许使用"/"做整体映射
    -->
    <mvc:default-servlet-handler/>

    <!-- 3.配置jsp 显示ViewResolver -->
    <bean class="org.springframework.web.servlet.view.InternalResourceViewResolver">
        <property name="viewClass" value="org.springframework.web.servlet.view.JstlView"/>
        <property name="prefix" value="/WEB-INF/jsp"/>
        <property name="suffix" value=".jsp"/>
    </bean>

    <!-- 4.扫描controller相关的bean -->
    <context:component-scan base-package="org.tvos.controller.*"/>

    <!-- 5.配置文件上传解析器 -->
    <bean id="multipartResolver" class="org.springframework.web.multipart.commons.CommonsMultipartResolver">
        <property name="maxUploadSize" value="200000000"/>
        <property name="defaultEncoding" value="utf-8"/>
    </bean>
</beans>